--
-- PostgreSQL database dump
--

SET client_encoding = 'UTF8';
SET standard_conforming_strings = off;
SET check_function_bodies = false;
SET client_min_messages = warning;
SET escape_string_warning = off;

SET search_path = public, pg_catalog;

ALTER TABLE ONLY public.books DROP CONSTRAINT books_author_fkey;
ALTER TABLE ONLY public.pg_ts_parser DROP CONSTRAINT pg_ts_parser_pkey;
ALTER TABLE ONLY public.pg_ts_dict DROP CONSTRAINT pg_ts_dict_pkey;
ALTER TABLE ONLY public.pg_ts_cfgmap DROP CONSTRAINT pg_ts_cfgmap_pkey;
ALTER TABLE ONLY public.pg_ts_cfg DROP CONSTRAINT pg_ts_cfg_pkey;
ALTER TABLE ONLY public.books DROP CONSTRAINT books_pkey;
ALTER TABLE ONLY public.books DROP CONSTRAINT books_path_key;
ALTER TABLE ONLY public.authors DROP CONSTRAINT authors_pkey;
ALTER TABLE ONLY public.authors DROP CONSTRAINT authors_name_key;
ALTER TABLE public.books ALTER COLUMN boid DROP DEFAULT;
ALTER TABLE public.authors ALTER COLUMN auid DROP DEFAULT;
DROP TABLE public.pg_ts_parser;
DROP TABLE public.pg_ts_dict;
DROP TABLE public.pg_ts_cfgmap;
DROP TABLE public.pg_ts_cfg;
DROP SEQUENCE public.books_boid_seq;
DROP TABLE public.books;
DROP SEQUENCE public.authors_auid_seq;
DROP TABLE public.authors;
DROP OPERATOR CLASS public.ltree_ops USING btree;
DROP OPERATOR CLASS public.gist_ltree_ops USING gist;
DROP OPERATOR CLASS public.gist__ltree_ops USING gist;
DROP OPERATOR public.~ (ltree[], lquery);
DROP OPERATOR public.~ (lquery, ltree[]);
DROP OPERATOR public.~ (ltree, lquery);
DROP OPERATOR public.~ (lquery, ltree);
DROP OPERATOR public.|| (text, ltree);
DROP OPERATOR public.|| (ltree, text);
DROP OPERATOR public.|| (ltree, ltree);
DROP OPERATOR public.^~ (ltree[], lquery);
DROP OPERATOR public.^~ (lquery, ltree[]);
DROP OPERATOR public.^~ (ltree, lquery);
DROP OPERATOR public.^~ (lquery, ltree);
DROP OPERATOR public.^@> (ltree, ltree[]);
DROP OPERATOR public.^@> (ltree[], ltree);
DROP OPERATOR public.^@> (ltree, ltree);
DROP OPERATOR public.^@ (ltree[], ltxtquery);
DROP OPERATOR public.^@ (ltxtquery, ltree[]);
DROP OPERATOR public.^@ (ltree, ltxtquery);
DROP OPERATOR public.^@ (ltxtquery, ltree);
DROP OPERATOR public.^? (ltree[], lquery[]);
DROP OPERATOR public.^? (lquery[], ltree[]);
DROP OPERATOR public.^? (ltree, lquery[]);
DROP OPERATOR public.^? (lquery[], ltree);
DROP OPERATOR public.^<@ (ltree[], ltree);
DROP OPERATOR public.^<@ (ltree, ltree[]);
DROP OPERATOR public.^<@ (ltree, ltree);
DROP OPERATOR public.@> (ltree, ltree[]);
DROP OPERATOR public.@> (ltree[], ltree);
DROP OPERATOR public.@> (ltree, ltree);
DROP OPERATOR public.@ (ltree[], ltxtquery);
DROP OPERATOR public.@ (ltxtquery, ltree[]);
DROP OPERATOR public.@ (ltree, ltxtquery);
DROP OPERATOR public.@ (ltxtquery, ltree);
DROP OPERATOR public.?~ (ltree[], lquery);
DROP OPERATOR public.?@> (ltree[], ltree);
DROP OPERATOR public.?@ (ltree[], ltxtquery);
DROP OPERATOR public.?<@ (ltree[], ltree);
DROP OPERATOR public.? (ltree[], lquery[]);
DROP OPERATOR public.? (lquery[], ltree[]);
DROP OPERATOR public.? (ltree, lquery[]);
DROP OPERATOR public.? (lquery[], ltree);
DROP OPERATOR public.>= (tsvector, tsvector);
DROP OPERATOR public.>= (ltree, ltree);
DROP OPERATOR public.> (tsvector, tsvector);
DROP OPERATOR public.> (ltree, ltree);
DROP OPERATOR public.= (tsvector, tsvector);
DROP OPERATOR public.= (ltree, ltree);
DROP OPERATOR public.<@ (ltree[], ltree);
DROP OPERATOR public.<@ (ltree, ltree[]);
DROP OPERATOR public.<@ (ltree, ltree);
DROP OPERATOR public.<> (tsvector, tsvector);
DROP OPERATOR public.<> (ltree, ltree);
DROP OPERATOR public.<= (tsvector, tsvector);
DROP OPERATOR public.<= (ltree, ltree);
DROP OPERATOR public.< (tsvector, tsvector);
DROP OPERATOR public.< (ltree, ltree);
DROP FUNCTION public.ts_debug(text);
DROP FUNCTION public.text2ltree(text);
DROP FUNCTION public.subpath(ltree, integer);
DROP FUNCTION public.subpath(ltree, integer, integer);
DROP FUNCTION public.subltree(ltree, integer, integer);
DROP FUNCTION public.plpgsql_call_handler();
DROP FUNCTION public.nlevel(ltree);
DROP FUNCTION public.ltxtq_rexec(ltxtquery, ltree);
DROP FUNCTION public.ltxtq_exec(ltree, ltxtquery);
DROP FUNCTION public.ltree_union(bytea, internal);
DROP FUNCTION public.ltree_union(internal, internal);
DROP FUNCTION public.ltree_textadd(text, ltree);
DROP FUNCTION public.ltree_same(internal, internal, internal);
DROP FUNCTION public.ltree_risparent(ltree, ltree);
DROP FUNCTION public.ltree_picksplit(internal, internal);
DROP FUNCTION public.ltree_penalty(internal, internal, internal);
DROP FUNCTION public.ltree_ne(ltree, ltree);
DROP FUNCTION public.ltree_lt(ltree, ltree);
DROP FUNCTION public.ltree_le(ltree, ltree);
DROP FUNCTION public.ltree_isparent(ltree, ltree);
DROP FUNCTION public.ltree_gt(ltree, ltree);
DROP FUNCTION public.ltree_ge(ltree, ltree);
DROP FUNCTION public.ltree_eq(ltree, ltree);
DROP FUNCTION public.ltree_decompress(internal);
DROP FUNCTION public.ltree_consistent(internal, internal, smallint);
DROP FUNCTION public.ltree_compress(internal);
DROP FUNCTION public.ltree_cmp(ltree, ltree);
DROP FUNCTION public.ltree_addtext(ltree, text);
DROP FUNCTION public.ltree_addltree(ltree, ltree);
DROP FUNCTION public.ltree2text(ltree);
DROP FUNCTION public.ltq_rregex(lquery, ltree);
DROP FUNCTION public.ltq_regex(ltree, lquery);
DROP FUNCTION public.lt_q_rregex(lquery[], ltree);
DROP FUNCTION public.lt_q_regex(ltree, lquery[]);
DROP FUNCTION public.lca(ltree, ltree, ltree, ltree, ltree, ltree, ltree, ltree);
DROP FUNCTION public.lca(ltree, ltree, ltree, ltree, ltree, ltree, ltree);
DROP FUNCTION public.lca(ltree, ltree, ltree, ltree, ltree, ltree);
DROP FUNCTION public.lca(ltree, ltree, ltree, ltree, ltree);
DROP FUNCTION public.lca(ltree, ltree, ltree, ltree);
DROP FUNCTION public.lca(ltree, ltree, ltree);
DROP FUNCTION public.lca(ltree, ltree);
DROP FUNCTION public.lca(ltree[]);
DROP FUNCTION public.index(ltree, ltree, integer);
DROP FUNCTION public.index(ltree, ltree);
DROP FUNCTION public.dblink_send_query(text, text);
DROP FUNCTION public.dblink_open(text, text, text, boolean);
DROP FUNCTION public.dblink_open(text, text, text);
DROP FUNCTION public.dblink_open(text, text, boolean);
DROP FUNCTION public.dblink_open(text, text);
DROP FUNCTION public.dblink_is_busy(text);
DROP FUNCTION public.dblink_get_result(text, boolean);
DROP FUNCTION public.dblink_get_result(text);
DROP FUNCTION public.dblink_get_pkey(text);
DROP FUNCTION public.dblink_get_connections();
DROP FUNCTION public.dblink_fetch(text, text, integer, boolean);
DROP FUNCTION public.dblink_fetch(text, text, integer);
DROP FUNCTION public.dblink_fetch(text, integer, boolean);
DROP FUNCTION public.dblink_fetch(text, integer);
DROP FUNCTION public.dblink_exec(text, boolean);
DROP FUNCTION public.dblink_exec(text);
DROP FUNCTION public.dblink_exec(text, text, boolean);
DROP FUNCTION public.dblink_exec(text, text);
DROP FUNCTION public.dblink_error_message(text);
DROP FUNCTION public.dblink_disconnect(text);
DROP FUNCTION public.dblink_disconnect();
DROP FUNCTION public.dblink_current_query();
DROP FUNCTION public.dblink_connect_u(text, text);
DROP FUNCTION public.dblink_connect_u(text);
DROP FUNCTION public.dblink_connect(text, text);
DROP FUNCTION public.dblink_connect(text);
DROP FUNCTION public.dblink_close(text, text, boolean);
DROP FUNCTION public.dblink_close(text, text);
DROP FUNCTION public.dblink_close(text, boolean);
DROP FUNCTION public.dblink_close(text);
DROP FUNCTION public.dblink_cancel_query(text);
DROP FUNCTION public.dblink_build_sql_update(text, int2vector, integer, text[], text[]);
DROP FUNCTION public.dblink_build_sql_insert(text, int2vector, integer, text[], text[]);
DROP FUNCTION public.dblink_build_sql_delete(text, int2vector, integer, text[]);
DROP FUNCTION public.dblink(text, boolean);
DROP FUNCTION public.dblink(text);
DROP FUNCTION public.dblink(text, text, boolean);
DROP FUNCTION public.dblink(text, text);
DROP FUNCTION public._ltxtq_rexec(ltxtquery, ltree[]);
DROP FUNCTION public._ltxtq_extract_exec(ltree[], ltxtquery);
DROP FUNCTION public._ltxtq_exec(ltree[], ltxtquery);
DROP FUNCTION public._ltree_union(bytea, internal);
DROP FUNCTION public._ltree_union(internal, internal);
DROP FUNCTION public._ltree_same(internal, internal, internal);
DROP FUNCTION public._ltree_risparent(ltree[], ltree);
DROP FUNCTION public._ltree_r_risparent(ltree, ltree[]);
DROP FUNCTION public._ltree_r_isparent(ltree, ltree[]);
DROP FUNCTION public._ltree_picksplit(internal, internal);
DROP FUNCTION public._ltree_penalty(internal, internal, internal);
DROP FUNCTION public._ltree_isparent(ltree[], ltree);
DROP FUNCTION public._ltree_extract_risparent(ltree[], ltree);
DROP FUNCTION public._ltree_extract_isparent(ltree[], ltree);
DROP FUNCTION public._ltree_consistent(internal, internal, smallint);
DROP FUNCTION public._ltree_compress(internal);
DROP FUNCTION public._ltq_rregex(lquery, ltree[]);
DROP FUNCTION public._ltq_regex(ltree[], lquery);
DROP FUNCTION public._ltq_extract_regex(ltree[], lquery);
DROP FUNCTION public._lt_q_rregex(lquery[], ltree[]);
DROP FUNCTION public._lt_q_regex(ltree[], lquery[]);
DROP FUNCTION public._get_parser_from_curcfg();
DROP TYPE public.tsdebug;
DROP TYPE public.tokentype;
DROP TYPE public.tokenout;
DROP TYPE public.statinfo;
DROP TYPE public.ltxtquery CASCADE;
DROP FUNCTION public.ltxtq_out(ltxtquery);
DROP FUNCTION public.ltxtq_in(cstring);
DROP TYPE public.ltree_gist CASCADE;
DROP FUNCTION public.ltree_gist_out(ltree_gist);
DROP FUNCTION public.ltree_gist_in(cstring);
DROP TYPE public.ltree CASCADE;
DROP FUNCTION public.ltree_out(ltree);
DROP FUNCTION public.ltree_in(cstring);
DROP TYPE public.lquery CASCADE;
DROP FUNCTION public.lquery_out(lquery);
DROP FUNCTION public.lquery_in(cstring);
DROP TYPE public.dblink_pkey_results;
DROP PROCEDURAL LANGUAGE plpgsql;
DROP SCHEMA public;
--
-- Name: public; Type: SCHEMA; Schema: -; Owner: -
--

CREATE SCHEMA public;


--
-- Name: SCHEMA public; Type: COMMENT; Schema: -; Owner: -
--

COMMENT ON SCHEMA public IS 'Standard public schema';


--
-- Name: plpgsql; Type: PROCEDURAL LANGUAGE; Schema: -; Owner: -
--

CREATE PROCEDURAL LANGUAGE plpgsql;


SET search_path = public, pg_catalog;

--
-- Name: dblink_pkey_results; Type: TYPE; Schema: public; Owner: -
--

CREATE TYPE dblink_pkey_results AS (
	"position" integer,
	colname text
);


--
-- Name: lquery; Type: SHELL TYPE; Schema: public; Owner: -
--

CREATE TYPE lquery;


--
-- Name: lquery_in(cstring); Type: FUNCTION; Schema: public; Owner: -
--

CREATE FUNCTION lquery_in(cstring) RETURNS lquery
    AS '$libdir/ltree', 'lquery_in'
    LANGUAGE c STRICT;


--
-- Name: lquery_out(lquery); Type: FUNCTION; Schema: public; Owner: -
--

CREATE FUNCTION lquery_out(lquery) RETURNS cstring
    AS '$libdir/ltree', 'lquery_out'
    LANGUAGE c STRICT;


--
-- Name: lquery; Type: TYPE; Schema: public; Owner: -
--

CREATE TYPE lquery (
    INTERNALLENGTH = variable,
    INPUT = lquery_in,
    OUTPUT = lquery_out,
    ALIGNMENT = int4,
    STORAGE = extended
);


--
-- Name: ltree; Type: SHELL TYPE; Schema: public; Owner: -
--

CREATE TYPE ltree;


--
-- Name: ltree_in(cstring); Type: FUNCTION; Schema: public; Owner: -
--

CREATE FUNCTION ltree_in(cstring) RETURNS ltree
    AS '$libdir/ltree', 'ltree_in'
    LANGUAGE c STRICT;


--
-- Name: ltree_out(ltree); Type: FUNCTION; Schema: public; Owner: -
--

CREATE FUNCTION ltree_out(ltree) RETURNS cstring
    AS '$libdir/ltree', 'ltree_out'
    LANGUAGE c STRICT;


--
-- Name: ltree; Type: TYPE; Schema: public; Owner: -
--

CREATE TYPE ltree (
    INTERNALLENGTH = variable,
    INPUT = ltree_in,
    OUTPUT = ltree_out,
    ALIGNMENT = int4,
    STORAGE = extended
);


--
-- Name: ltree_gist; Type: SHELL TYPE; Schema: public; Owner: -
--

CREATE TYPE ltree_gist;


--
-- Name: ltree_gist_in(cstring); Type: FUNCTION; Schema: public; Owner: -
--

CREATE FUNCTION ltree_gist_in(cstring) RETURNS ltree_gist
    AS '$libdir/ltree', 'ltree_gist_in'
    LANGUAGE c STRICT;


--
-- Name: ltree_gist_out(ltree_gist); Type: FUNCTION; Schema: public; Owner: -
--

CREATE FUNCTION ltree_gist_out(ltree_gist) RETURNS cstring
    AS '$libdir/ltree', 'ltree_gist_out'
    LANGUAGE c STRICT;


--
-- Name: ltree_gist; Type: TYPE; Schema: public; Owner: -
--

CREATE TYPE ltree_gist (
    INTERNALLENGTH = variable,
    INPUT = ltree_gist_in,
    OUTPUT = ltree_gist_out,
    ALIGNMENT = int4,
    STORAGE = plain
);


--
-- Name: ltxtquery; Type: SHELL TYPE; Schema: public; Owner: -
--

CREATE TYPE ltxtquery;


--
-- Name: ltxtq_in(cstring); Type: FUNCTION; Schema: public; Owner: -
--

CREATE FUNCTION ltxtq_in(cstring) RETURNS ltxtquery
    AS '$libdir/ltree', 'ltxtq_in'
    LANGUAGE c STRICT;


--
-- Name: ltxtq_out(ltxtquery); Type: FUNCTION; Schema: public; Owner: -
--

CREATE FUNCTION ltxtq_out(ltxtquery) RETURNS cstring
    AS '$libdir/ltree', 'ltxtq_out'
    LANGUAGE c STRICT;


--
-- Name: ltxtquery; Type: TYPE; Schema: public; Owner: -
--

CREATE TYPE ltxtquery (
    INTERNALLENGTH = variable,
    INPUT = ltxtq_in,
    OUTPUT = ltxtq_out,
    ALIGNMENT = int4,
    STORAGE = extended
);


--
-- Name: statinfo; Type: TYPE; Schema: public; Owner: -
--

CREATE TYPE statinfo AS (
	word text,
	ndoc integer,
	nentry integer
);


--
-- Name: tokenout; Type: TYPE; Schema: public; Owner: -
--

CREATE TYPE tokenout AS (
	tokid integer,
	token text
);


--
-- Name: tokentype; Type: TYPE; Schema: public; Owner: -
--

CREATE TYPE tokentype AS (
	tokid integer,
	alias text,
	descr text
);


--
-- Name: tsdebug; Type: TYPE; Schema: public; Owner: -
--

CREATE TYPE tsdebug AS (
	ts_name text,
	tok_type text,
	description text,
	token text,
	dict_name text[],
	tsvector tsvector
);


--
-- Name: _get_parser_from_curcfg(); Type: FUNCTION; Schema: public; Owner: -
--

CREATE FUNCTION _get_parser_from_curcfg() RETURNS text
    AS $$ select prs_name from pg_ts_cfg where oid = show_curcfg() $$
    LANGUAGE sql IMMUTABLE STRICT;


--
-- Name: _lt_q_regex(ltree[], lquery[]); Type: FUNCTION; Schema: public; Owner: -
--

CREATE FUNCTION _lt_q_regex(ltree[], lquery[]) RETURNS boolean
    AS '$libdir/ltree', '_lt_q_regex'
    LANGUAGE c IMMUTABLE STRICT;


--
-- Name: _lt_q_rregex(lquery[], ltree[]); Type: FUNCTION; Schema: public; Owner: -
--

CREATE FUNCTION _lt_q_rregex(lquery[], ltree[]) RETURNS boolean
    AS '$libdir/ltree', '_lt_q_rregex'
    LANGUAGE c IMMUTABLE STRICT;


--
-- Name: _ltq_extract_regex(ltree[], lquery); Type: FUNCTION; Schema: public; Owner: -
--

CREATE FUNCTION _ltq_extract_regex(ltree[], lquery) RETURNS ltree
    AS '$libdir/ltree', '_ltq_extract_regex'
    LANGUAGE c IMMUTABLE STRICT;


--
-- Name: _ltq_regex(ltree[], lquery); Type: FUNCTION; Schema: public; Owner: -
--

CREATE FUNCTION _ltq_regex(ltree[], lquery) RETURNS boolean
    AS '$libdir/ltree', '_ltq_regex'
    LANGUAGE c IMMUTABLE STRICT;


--
-- Name: _ltq_rregex(lquery, ltree[]); Type: FUNCTION; Schema: public; Owner: -
--

CREATE FUNCTION _ltq_rregex(lquery, ltree[]) RETURNS boolean
    AS '$libdir/ltree', '_ltq_rregex'
    LANGUAGE c IMMUTABLE STRICT;


--
-- Name: _ltree_compress(internal); Type: FUNCTION; Schema: public; Owner: -
--

CREATE FUNCTION _ltree_compress(internal) RETURNS internal
    AS '$libdir/ltree', '_ltree_compress'
    LANGUAGE c;


--
-- Name: _ltree_consistent(internal, internal, smallint); Type: FUNCTION; Schema: public; Owner: -
--

CREATE FUNCTION _ltree_consistent(internal, internal, smallint) RETURNS boolean
    AS '$libdir/ltree', '_ltree_consistent'
    LANGUAGE c;


--
-- Name: _ltree_extract_isparent(ltree[], ltree); Type: FUNCTION; Schema: public; Owner: -
--

CREATE FUNCTION _ltree_extract_isparent(ltree[], ltree) RETURNS ltree
    AS '$libdir/ltree', '_ltree_extract_isparent'
    LANGUAGE c IMMUTABLE STRICT;


--
-- Name: _ltree_extract_risparent(ltree[], ltree); Type: FUNCTION; Schema: public; Owner: -
--

CREATE FUNCTION _ltree_extract_risparent(ltree[], ltree) RETURNS ltree
    AS '$libdir/ltree', '_ltree_extract_risparent'
    LANGUAGE c IMMUTABLE STRICT;


--
-- Name: _ltree_isparent(ltree[], ltree); Type: FUNCTION; Schema: public; Owner: -
--

CREATE FUNCTION _ltree_isparent(ltree[], ltree) RETURNS boolean
    AS '$libdir/ltree', '_ltree_isparent'
    LANGUAGE c IMMUTABLE STRICT;


--
-- Name: _ltree_penalty(internal, internal, internal); Type: FUNCTION; Schema: public; Owner: -
--

CREATE FUNCTION _ltree_penalty(internal, internal, internal) RETURNS internal
    AS '$libdir/ltree', '_ltree_penalty'
    LANGUAGE c STRICT;


--
-- Name: _ltree_picksplit(internal, internal); Type: FUNCTION; Schema: public; Owner: -
--

CREATE FUNCTION _ltree_picksplit(internal, internal) RETURNS internal
    AS '$libdir/ltree', '_ltree_picksplit'
    LANGUAGE c;


--
-- Name: _ltree_r_isparent(ltree, ltree[]); Type: FUNCTION; Schema: public; Owner: -
--

CREATE FUNCTION _ltree_r_isparent(ltree, ltree[]) RETURNS boolean
    AS '$libdir/ltree', '_ltree_r_isparent'
    LANGUAGE c IMMUTABLE STRICT;


--
-- Name: _ltree_r_risparent(ltree, ltree[]); Type: FUNCTION; Schema: public; Owner: -
--

CREATE FUNCTION _ltree_r_risparent(ltree, ltree[]) RETURNS boolean
    AS '$libdir/ltree', '_ltree_r_risparent'
    LANGUAGE c IMMUTABLE STRICT;


--
-- Name: _ltree_risparent(ltree[], ltree); Type: FUNCTION; Schema: public; Owner: -
--

CREATE FUNCTION _ltree_risparent(ltree[], ltree) RETURNS boolean
    AS '$libdir/ltree', '_ltree_risparent'
    LANGUAGE c IMMUTABLE STRICT;


--
-- Name: _ltree_same(internal, internal, internal); Type: FUNCTION; Schema: public; Owner: -
--

CREATE FUNCTION _ltree_same(internal, internal, internal) RETURNS internal
    AS '$libdir/ltree', '_ltree_same'
    LANGUAGE c;


--
-- Name: _ltree_union(internal, internal); Type: FUNCTION; Schema: public; Owner: -
--

CREATE FUNCTION _ltree_union(internal, internal) RETURNS integer
    AS '$libdir/ltree', '_ltree_union'
    LANGUAGE c;


--
-- Name: _ltree_union(bytea, internal); Type: FUNCTION; Schema: public; Owner: -
--

CREATE FUNCTION _ltree_union(bytea, internal) RETURNS integer
    AS '$libdir/ltree', '_ltree_union'
    LANGUAGE c;


--
-- Name: _ltxtq_exec(ltree[], ltxtquery); Type: FUNCTION; Schema: public; Owner: -
--

CREATE FUNCTION _ltxtq_exec(ltree[], ltxtquery) RETURNS boolean
    AS '$libdir/ltree', '_ltxtq_exec'
    LANGUAGE c IMMUTABLE STRICT;


--
-- Name: _ltxtq_extract_exec(ltree[], ltxtquery); Type: FUNCTION; Schema: public; Owner: -
--

CREATE FUNCTION _ltxtq_extract_exec(ltree[], ltxtquery) RETURNS ltree
    AS '$libdir/ltree', '_ltxtq_extract_exec'
    LANGUAGE c IMMUTABLE STRICT;


--
-- Name: _ltxtq_rexec(ltxtquery, ltree[]); Type: FUNCTION; Schema: public; Owner: -
--

CREATE FUNCTION _ltxtq_rexec(ltxtquery, ltree[]) RETURNS boolean
    AS '$libdir/ltree', '_ltxtq_rexec'
    LANGUAGE c IMMUTABLE STRICT;


--
-- Name: dblink(text, text); Type: FUNCTION; Schema: public; Owner: -
--

CREATE FUNCTION dblink(text, text) RETURNS SETOF record
    AS '$libdir/dblink', 'dblink_record'
    LANGUAGE c STRICT;


--
-- Name: dblink(text, text, boolean); Type: FUNCTION; Schema: public; Owner: -
--

CREATE FUNCTION dblink(text, text, boolean) RETURNS SETOF record
    AS '$libdir/dblink', 'dblink_record'
    LANGUAGE c STRICT;


--
-- Name: dblink(text); Type: FUNCTION; Schema: public; Owner: -
--

CREATE FUNCTION dblink(text) RETURNS SETOF record
    AS '$libdir/dblink', 'dblink_record'
    LANGUAGE c STRICT;


--
-- Name: dblink(text, boolean); Type: FUNCTION; Schema: public; Owner: -
--

CREATE FUNCTION dblink(text, boolean) RETURNS SETOF record
    AS '$libdir/dblink', 'dblink_record'
    LANGUAGE c STRICT;


--
-- Name: dblink_build_sql_delete(text, int2vector, integer, text[]); Type: FUNCTION; Schema: public; Owner: -
--

CREATE FUNCTION dblink_build_sql_delete(text, int2vector, integer, text[]) RETURNS text
    AS '$libdir/dblink', 'dblink_build_sql_delete'
    LANGUAGE c STRICT;


--
-- Name: dblink_build_sql_insert(text, int2vector, integer, text[], text[]); Type: FUNCTION; Schema: public; Owner: -
--

CREATE FUNCTION dblink_build_sql_insert(text, int2vector, integer, text[], text[]) RETURNS text
    AS '$libdir/dblink', 'dblink_build_sql_insert'
    LANGUAGE c STRICT;


--
-- Name: dblink_build_sql_update(text, int2vector, integer, text[], text[]); Type: FUNCTION; Schema: public; Owner: -
--

CREATE FUNCTION dblink_build_sql_update(text, int2vector, integer, text[], text[]) RETURNS text
    AS '$libdir/dblink', 'dblink_build_sql_update'
    LANGUAGE c STRICT;


--
-- Name: dblink_cancel_query(text); Type: FUNCTION; Schema: public; Owner: -
--

CREATE FUNCTION dblink_cancel_query(text) RETURNS text
    AS '$libdir/dblink', 'dblink_cancel_query'
    LANGUAGE c STRICT;


--
-- Name: dblink_close(text); Type: FUNCTION; Schema: public; Owner: -
--

CREATE FUNCTION dblink_close(text) RETURNS text
    AS '$libdir/dblink', 'dblink_close'
    LANGUAGE c STRICT;


--
-- Name: dblink_close(text, boolean); Type: FUNCTION; Schema: public; Owner: -
--

CREATE FUNCTION dblink_close(text, boolean) RETURNS text
    AS '$libdir/dblink', 'dblink_close'
    LANGUAGE c STRICT;


--
-- Name: dblink_close(text, text); Type: FUNCTION; Schema: public; Owner: -
--

CREATE FUNCTION dblink_close(text, text) RETURNS text
    AS '$libdir/dblink', 'dblink_close'
    LANGUAGE c STRICT;


--
-- Name: dblink_close(text, text, boolean); Type: FUNCTION; Schema: public; Owner: -
--

CREATE FUNCTION dblink_close(text, text, boolean) RETURNS text
    AS '$libdir/dblink', 'dblink_close'
    LANGUAGE c STRICT;


--
-- Name: dblink_connect(text); Type: FUNCTION; Schema: public; Owner: -
--

CREATE FUNCTION dblink_connect(text) RETURNS text
    AS '$libdir/dblink', 'dblink_connect'
    LANGUAGE c STRICT;


--
-- Name: dblink_connect(text, text); Type: FUNCTION; Schema: public; Owner: -
--

CREATE FUNCTION dblink_connect(text, text) RETURNS text
    AS '$libdir/dblink', 'dblink_connect'
    LANGUAGE c STRICT;


--
-- Name: dblink_connect_u(text); Type: FUNCTION; Schema: public; Owner: -
--

CREATE FUNCTION dblink_connect_u(text) RETURNS text
    AS '$libdir/dblink', 'dblink_connect'
    LANGUAGE c STRICT SECURITY DEFINER;


--
-- Name: dblink_connect_u(text, text); Type: FUNCTION; Schema: public; Owner: -
--

CREATE FUNCTION dblink_connect_u(text, text) RETURNS text
    AS '$libdir/dblink', 'dblink_connect'
    LANGUAGE c STRICT SECURITY DEFINER;


--
-- Name: dblink_current_query(); Type: FUNCTION; Schema: public; Owner: -
--

CREATE FUNCTION dblink_current_query() RETURNS text
    AS '$libdir/dblink', 'dblink_current_query'
    LANGUAGE c;


--
-- Name: dblink_disconnect(); Type: FUNCTION; Schema: public; Owner: -
--

CREATE FUNCTION dblink_disconnect() RETURNS text
    AS '$libdir/dblink', 'dblink_disconnect'
    LANGUAGE c STRICT;


--
-- Name: dblink_disconnect(text); Type: FUNCTION; Schema: public; Owner: -
--

CREATE FUNCTION dblink_disconnect(text) RETURNS text
    AS '$libdir/dblink', 'dblink_disconnect'
    LANGUAGE c STRICT;


--
-- Name: dblink_error_message(text); Type: FUNCTION; Schema: public; Owner: -
--

CREATE FUNCTION dblink_error_message(text) RETURNS text
    AS '$libdir/dblink', 'dblink_error_message'
    LANGUAGE c STRICT;


--
-- Name: dblink_exec(text, text); Type: FUNCTION; Schema: public; Owner: -
--

CREATE FUNCTION dblink_exec(text, text) RETURNS text
    AS '$libdir/dblink', 'dblink_exec'
    LANGUAGE c STRICT;


--
-- Name: dblink_exec(text, text, boolean); Type: FUNCTION; Schema: public; Owner: -
--

CREATE FUNCTION dblink_exec(text, text, boolean) RETURNS text
    AS '$libdir/dblink', 'dblink_exec'
    LANGUAGE c STRICT;


--
-- Name: dblink_exec(text); Type: FUNCTION; Schema: public; Owner: -
--

CREATE FUNCTION dblink_exec(text) RETURNS text
    AS '$libdir/dblink', 'dblink_exec'
    LANGUAGE c STRICT;


--
-- Name: dblink_exec(text, boolean); Type: FUNCTION; Schema: public; Owner: -
--

CREATE FUNCTION dblink_exec(text, boolean) RETURNS text
    AS '$libdir/dblink', 'dblink_exec'
    LANGUAGE c STRICT;


--
-- Name: dblink_fetch(text, integer); Type: FUNCTION; Schema: public; Owner: -
--

CREATE FUNCTION dblink_fetch(text, integer) RETURNS SETOF record
    AS '$libdir/dblink', 'dblink_fetch'
    LANGUAGE c STRICT;


--
-- Name: dblink_fetch(text, integer, boolean); Type: FUNCTION; Schema: public; Owner: -
--

CREATE FUNCTION dblink_fetch(text, integer, boolean) RETURNS SETOF record
    AS '$libdir/dblink', 'dblink_fetch'
    LANGUAGE c STRICT;


--
-- Name: dblink_fetch(text, text, integer); Type: FUNCTION; Schema: public; Owner: -
--

CREATE FUNCTION dblink_fetch(text, text, integer) RETURNS SETOF record
    AS '$libdir/dblink', 'dblink_fetch'
    LANGUAGE c STRICT;


--
-- Name: dblink_fetch(text, text, integer, boolean); Type: FUNCTION; Schema: public; Owner: -
--

CREATE FUNCTION dblink_fetch(text, text, integer, boolean) RETURNS SETOF record
    AS '$libdir/dblink', 'dblink_fetch'
    LANGUAGE c STRICT;


--
-- Name: dblink_get_connections(); Type: FUNCTION; Schema: public; Owner: -
--

CREATE FUNCTION dblink_get_connections() RETURNS text[]
    AS '$libdir/dblink', 'dblink_get_connections'
    LANGUAGE c;


--
-- Name: dblink_get_pkey(text); Type: FUNCTION; Schema: public; Owner: -
--

CREATE FUNCTION dblink_get_pkey(text) RETURNS SETOF dblink_pkey_results
    AS '$libdir/dblink', 'dblink_get_pkey'
    LANGUAGE c STRICT;


--
-- Name: dblink_get_result(text); Type: FUNCTION; Schema: public; Owner: -
--

CREATE FUNCTION dblink_get_result(text) RETURNS SETOF record
    AS '$libdir/dblink', 'dblink_get_result'
    LANGUAGE c STRICT;


--
-- Name: dblink_get_result(text, boolean); Type: FUNCTION; Schema: public; Owner: -
--

CREATE FUNCTION dblink_get_result(text, boolean) RETURNS SETOF record
    AS '$libdir/dblink', 'dblink_get_result'
    LANGUAGE c STRICT;


--
-- Name: dblink_is_busy(text); Type: FUNCTION; Schema: public; Owner: -
--

CREATE FUNCTION dblink_is_busy(text) RETURNS integer
    AS '$libdir/dblink', 'dblink_is_busy'
    LANGUAGE c STRICT;


--
-- Name: dblink_open(text, text); Type: FUNCTION; Schema: public; Owner: -
--

CREATE FUNCTION dblink_open(text, text) RETURNS text
    AS '$libdir/dblink', 'dblink_open'
    LANGUAGE c STRICT;


--
-- Name: dblink_open(text, text, boolean); Type: FUNCTION; Schema: public; Owner: -
--

CREATE FUNCTION dblink_open(text, text, boolean) RETURNS text
    AS '$libdir/dblink', 'dblink_open'
    LANGUAGE c STRICT;


--
-- Name: dblink_open(text, text, text); Type: FUNCTION; Schema: public; Owner: -
--

CREATE FUNCTION dblink_open(text, text, text) RETURNS text
    AS '$libdir/dblink', 'dblink_open'
    LANGUAGE c STRICT;


--
-- Name: dblink_open(text, text, text, boolean); Type: FUNCTION; Schema: public; Owner: -
--

CREATE FUNCTION dblink_open(text, text, text, boolean) RETURNS text
    AS '$libdir/dblink', 'dblink_open'
    LANGUAGE c STRICT;


--
-- Name: dblink_send_query(text, text); Type: FUNCTION; Schema: public; Owner: -
--

CREATE FUNCTION dblink_send_query(text, text) RETURNS integer
    AS '$libdir/dblink', 'dblink_send_query'
    LANGUAGE c STRICT;


--
-- Name: index(ltree, ltree); Type: FUNCTION; Schema: public; Owner: -
--

CREATE FUNCTION index(ltree, ltree) RETURNS integer
    AS '$libdir/ltree', 'ltree_index'
    LANGUAGE c IMMUTABLE STRICT;


--
-- Name: index(ltree, ltree, integer); Type: FUNCTION; Schema: public; Owner: -
--

CREATE FUNCTION index(ltree, ltree, integer) RETURNS integer
    AS '$libdir/ltree', 'ltree_index'
    LANGUAGE c IMMUTABLE STRICT;


--
-- Name: lca(ltree[]); Type: FUNCTION; Schema: public; Owner: -
--

CREATE FUNCTION lca(ltree[]) RETURNS ltree
    AS '$libdir/ltree', '_lca'
    LANGUAGE c IMMUTABLE STRICT;


--
-- Name: lca(ltree, ltree); Type: FUNCTION; Schema: public; Owner: -
--

CREATE FUNCTION lca(ltree, ltree) RETURNS ltree
    AS '$libdir/ltree', 'lca'
    LANGUAGE c IMMUTABLE STRICT;


--
-- Name: lca(ltree, ltree, ltree); Type: FUNCTION; Schema: public; Owner: -
--

CREATE FUNCTION lca(ltree, ltree, ltree) RETURNS ltree
    AS '$libdir/ltree', 'lca'
    LANGUAGE c IMMUTABLE STRICT;


--
-- Name: lca(ltree, ltree, ltree, ltree); Type: FUNCTION; Schema: public; Owner: -
--

CREATE FUNCTION lca(ltree, ltree, ltree, ltree) RETURNS ltree
    AS '$libdir/ltree', 'lca'
    LANGUAGE c IMMUTABLE STRICT;


--
-- Name: lca(ltree, ltree, ltree, ltree, ltree); Type: FUNCTION; Schema: public; Owner: -
--

CREATE FUNCTION lca(ltree, ltree, ltree, ltree, ltree) RETURNS ltree
    AS '$libdir/ltree', 'lca'
    LANGUAGE c IMMUTABLE STRICT;


--
-- Name: lca(ltree, ltree, ltree, ltree, ltree, ltree); Type: FUNCTION; Schema: public; Owner: -
--

CREATE FUNCTION lca(ltree, ltree, ltree, ltree, ltree, ltree) RETURNS ltree
    AS '$libdir/ltree', 'lca'
    LANGUAGE c IMMUTABLE STRICT;


--
-- Name: lca(ltree, ltree, ltree, ltree, ltree, ltree, ltree); Type: FUNCTION; Schema: public; Owner: -
--

CREATE FUNCTION lca(ltree, ltree, ltree, ltree, ltree, ltree, ltree) RETURNS ltree
    AS '$libdir/ltree', 'lca'
    LANGUAGE c IMMUTABLE STRICT;


--
-- Name: lca(ltree, ltree, ltree, ltree, ltree, ltree, ltree, ltree); Type: FUNCTION; Schema: public; Owner: -
--

CREATE FUNCTION lca(ltree, ltree, ltree, ltree, ltree, ltree, ltree, ltree) RETURNS ltree
    AS '$libdir/ltree', 'lca'
    LANGUAGE c IMMUTABLE STRICT;


--
-- Name: lt_q_regex(ltree, lquery[]); Type: FUNCTION; Schema: public; Owner: -
--

CREATE FUNCTION lt_q_regex(ltree, lquery[]) RETURNS boolean
    AS '$libdir/ltree', 'lt_q_regex'
    LANGUAGE c IMMUTABLE STRICT;


--
-- Name: lt_q_rregex(lquery[], ltree); Type: FUNCTION; Schema: public; Owner: -
--

CREATE FUNCTION lt_q_rregex(lquery[], ltree) RETURNS boolean
    AS '$libdir/ltree', 'lt_q_rregex'
    LANGUAGE c IMMUTABLE STRICT;


--
-- Name: ltq_regex(ltree, lquery); Type: FUNCTION; Schema: public; Owner: -
--

CREATE FUNCTION ltq_regex(ltree, lquery) RETURNS boolean
    AS '$libdir/ltree', 'ltq_regex'
    LANGUAGE c IMMUTABLE STRICT;


--
-- Name: ltq_rregex(lquery, ltree); Type: FUNCTION; Schema: public; Owner: -
--

CREATE FUNCTION ltq_rregex(lquery, ltree) RETURNS boolean
    AS '$libdir/ltree', 'ltq_rregex'
    LANGUAGE c IMMUTABLE STRICT;


--
-- Name: ltree2text(ltree); Type: FUNCTION; Schema: public; Owner: -
--

CREATE FUNCTION ltree2text(ltree) RETURNS text
    AS '$libdir/ltree', 'ltree2text'
    LANGUAGE c IMMUTABLE STRICT;


--
-- Name: ltree_addltree(ltree, ltree); Type: FUNCTION; Schema: public; Owner: -
--

CREATE FUNCTION ltree_addltree(ltree, ltree) RETURNS ltree
    AS '$libdir/ltree', 'ltree_addltree'
    LANGUAGE c IMMUTABLE STRICT;


--
-- Name: ltree_addtext(ltree, text); Type: FUNCTION; Schema: public; Owner: -
--

CREATE FUNCTION ltree_addtext(ltree, text) RETURNS ltree
    AS '$libdir/ltree', 'ltree_addtext'
    LANGUAGE c IMMUTABLE STRICT;


--
-- Name: ltree_cmp(ltree, ltree); Type: FUNCTION; Schema: public; Owner: -
--

CREATE FUNCTION ltree_cmp(ltree, ltree) RETURNS integer
    AS '$libdir/ltree', 'ltree_cmp'
    LANGUAGE c IMMUTABLE STRICT;


--
-- Name: ltree_compress(internal); Type: FUNCTION; Schema: public; Owner: -
--

CREATE FUNCTION ltree_compress(internal) RETURNS internal
    AS '$libdir/ltree', 'ltree_compress'
    LANGUAGE c;


--
-- Name: ltree_consistent(internal, internal, smallint); Type: FUNCTION; Schema: public; Owner: -
--

CREATE FUNCTION ltree_consistent(internal, internal, smallint) RETURNS boolean
    AS '$libdir/ltree', 'ltree_consistent'
    LANGUAGE c;


--
-- Name: ltree_decompress(internal); Type: FUNCTION; Schema: public; Owner: -
--

CREATE FUNCTION ltree_decompress(internal) RETURNS internal
    AS '$libdir/ltree', 'ltree_decompress'
    LANGUAGE c;


--
-- Name: ltree_eq(ltree, ltree); Type: FUNCTION; Schema: public; Owner: -
--

CREATE FUNCTION ltree_eq(ltree, ltree) RETURNS boolean
    AS '$libdir/ltree', 'ltree_eq'
    LANGUAGE c IMMUTABLE STRICT;


--
-- Name: ltree_ge(ltree, ltree); Type: FUNCTION; Schema: public; Owner: -
--

CREATE FUNCTION ltree_ge(ltree, ltree) RETURNS boolean
    AS '$libdir/ltree', 'ltree_ge'
    LANGUAGE c IMMUTABLE STRICT;


--
-- Name: ltree_gt(ltree, ltree); Type: FUNCTION; Schema: public; Owner: -
--

CREATE FUNCTION ltree_gt(ltree, ltree) RETURNS boolean
    AS '$libdir/ltree', 'ltree_gt'
    LANGUAGE c IMMUTABLE STRICT;


--
-- Name: ltree_isparent(ltree, ltree); Type: FUNCTION; Schema: public; Owner: -
--

CREATE FUNCTION ltree_isparent(ltree, ltree) RETURNS boolean
    AS '$libdir/ltree', 'ltree_isparent'
    LANGUAGE c IMMUTABLE STRICT;


--
-- Name: ltree_le(ltree, ltree); Type: FUNCTION; Schema: public; Owner: -
--

CREATE FUNCTION ltree_le(ltree, ltree) RETURNS boolean
    AS '$libdir/ltree', 'ltree_le'
    LANGUAGE c IMMUTABLE STRICT;


--
-- Name: ltree_lt(ltree, ltree); Type: FUNCTION; Schema: public; Owner: -
--

CREATE FUNCTION ltree_lt(ltree, ltree) RETURNS boolean
    AS '$libdir/ltree', 'ltree_lt'
    LANGUAGE c IMMUTABLE STRICT;


--
-- Name: ltree_ne(ltree, ltree); Type: FUNCTION; Schema: public; Owner: -
--

CREATE FUNCTION ltree_ne(ltree, ltree) RETURNS boolean
    AS '$libdir/ltree', 'ltree_ne'
    LANGUAGE c IMMUTABLE STRICT;


--
-- Name: ltree_penalty(internal, internal, internal); Type: FUNCTION; Schema: public; Owner: -
--

CREATE FUNCTION ltree_penalty(internal, internal, internal) RETURNS internal
    AS '$libdir/ltree', 'ltree_penalty'
    LANGUAGE c STRICT;


--
-- Name: ltree_picksplit(internal, internal); Type: FUNCTION; Schema: public; Owner: -
--

CREATE FUNCTION ltree_picksplit(internal, internal) RETURNS internal
    AS '$libdir/ltree', 'ltree_picksplit'
    LANGUAGE c;


--
-- Name: ltree_risparent(ltree, ltree); Type: FUNCTION; Schema: public; Owner: -
--

CREATE FUNCTION ltree_risparent(ltree, ltree) RETURNS boolean
    AS '$libdir/ltree', 'ltree_risparent'
    LANGUAGE c IMMUTABLE STRICT;


--
-- Name: ltree_same(internal, internal, internal); Type: FUNCTION; Schema: public; Owner: -
--

CREATE FUNCTION ltree_same(internal, internal, internal) RETURNS internal
    AS '$libdir/ltree', 'ltree_same'
    LANGUAGE c;


--
-- Name: ltree_textadd(text, ltree); Type: FUNCTION; Schema: public; Owner: -
--

CREATE FUNCTION ltree_textadd(text, ltree) RETURNS ltree
    AS '$libdir/ltree', 'ltree_textadd'
    LANGUAGE c IMMUTABLE STRICT;


--
-- Name: ltree_union(internal, internal); Type: FUNCTION; Schema: public; Owner: -
--

CREATE FUNCTION ltree_union(internal, internal) RETURNS integer
    AS '$libdir/ltree', 'ltree_union'
    LANGUAGE c;


--
-- Name: ltree_union(bytea, internal); Type: FUNCTION; Schema: public; Owner: -
--

CREATE FUNCTION ltree_union(bytea, internal) RETURNS integer
    AS '$libdir/ltree', 'ltree_union'
    LANGUAGE c;


--
-- Name: ltxtq_exec(ltree, ltxtquery); Type: FUNCTION; Schema: public; Owner: -
--

CREATE FUNCTION ltxtq_exec(ltree, ltxtquery) RETURNS boolean
    AS '$libdir/ltree', 'ltxtq_exec'
    LANGUAGE c IMMUTABLE STRICT;


--
-- Name: ltxtq_rexec(ltxtquery, ltree); Type: FUNCTION; Schema: public; Owner: -
--

CREATE FUNCTION ltxtq_rexec(ltxtquery, ltree) RETURNS boolean
    AS '$libdir/ltree', 'ltxtq_rexec'
    LANGUAGE c IMMUTABLE STRICT;


--
-- Name: nlevel(ltree); Type: FUNCTION; Schema: public; Owner: -
--

CREATE FUNCTION nlevel(ltree) RETURNS integer
    AS '$libdir/ltree', 'nlevel'
    LANGUAGE c IMMUTABLE STRICT;


--
-- Name: plpgsql_call_handler(); Type: FUNCTION; Schema: public; Owner: -
--

CREATE FUNCTION plpgsql_call_handler() RETURNS language_handler
    AS '$libdir/plpgsql', 'plpgsql_call_handler'
    LANGUAGE c;


--
-- Name: subltree(ltree, integer, integer); Type: FUNCTION; Schema: public; Owner: -
--

CREATE FUNCTION subltree(ltree, integer, integer) RETURNS ltree
    AS '$libdir/ltree', 'subltree'
    LANGUAGE c IMMUTABLE STRICT;


--
-- Name: subpath(ltree, integer, integer); Type: FUNCTION; Schema: public; Owner: -
--

CREATE FUNCTION subpath(ltree, integer, integer) RETURNS ltree
    AS '$libdir/ltree', 'subpath'
    LANGUAGE c IMMUTABLE STRICT;


--
-- Name: subpath(ltree, integer); Type: FUNCTION; Schema: public; Owner: -
--

CREATE FUNCTION subpath(ltree, integer) RETURNS ltree
    AS '$libdir/ltree', 'subpath'
    LANGUAGE c IMMUTABLE STRICT;


--
-- Name: text2ltree(text); Type: FUNCTION; Schema: public; Owner: -
--

CREATE FUNCTION text2ltree(text) RETURNS ltree
    AS '$libdir/ltree', 'text2ltree'
    LANGUAGE c IMMUTABLE STRICT;


--
-- Name: ts_debug(text); Type: FUNCTION; Schema: public; Owner: -
--

CREATE FUNCTION ts_debug(text) RETURNS SETOF tsdebug
    AS $_$
select 
        m.ts_name,
        t.alias as tok_type,
        t.descr as description,
        p.token,
        m.dict_name,
        strip(to_tsvector(p.token)) as tsvector
from
        parse( _get_parser_from_curcfg(), $1 ) as p,
        token_type() as t,
        pg_ts_cfgmap as m,
        pg_ts_cfg as c
where
        t.tokid=p.tokid and
        t.alias = m.tok_alias and 
        m.ts_name=c.ts_name and 
        c.oid=show_curcfg() 
$_$
    LANGUAGE sql STRICT;


--
-- Name: <; Type: OPERATOR; Schema: public; Owner: -
--

CREATE OPERATOR < (
    PROCEDURE = ltree_lt,
    LEFTARG = ltree,
    RIGHTARG = ltree,
    COMMUTATOR = >,
    NEGATOR = >=,
    RESTRICT = contsel,
    JOIN = contjoinsel
);


--
-- Name: <; Type: OPERATOR; Schema: public; Owner: -
--

CREATE OPERATOR < (
    PROCEDURE = tsvector_lt,
    LEFTARG = tsvector,
    RIGHTARG = tsvector,
    COMMUTATOR = OPERATOR(pg_catalog.>),
    NEGATOR = OPERATOR(pg_catalog.>=),
    RESTRICT = contsel,
    JOIN = contjoinsel
);


--
-- Name: <=; Type: OPERATOR; Schema: public; Owner: -
--

CREATE OPERATOR <= (
    PROCEDURE = ltree_le,
    LEFTARG = ltree,
    RIGHTARG = ltree,
    COMMUTATOR = >=,
    NEGATOR = >,
    RESTRICT = contsel,
    JOIN = contjoinsel
);


--
-- Name: <=; Type: OPERATOR; Schema: public; Owner: -
--

CREATE OPERATOR <= (
    PROCEDURE = tsvector_le,
    LEFTARG = tsvector,
    RIGHTARG = tsvector,
    COMMUTATOR = OPERATOR(pg_catalog.>=),
    NEGATOR = OPERATOR(pg_catalog.>),
    RESTRICT = contsel,
    JOIN = contjoinsel
);


--
-- Name: <>; Type: OPERATOR; Schema: public; Owner: -
--

CREATE OPERATOR <> (
    PROCEDURE = ltree_ne,
    LEFTARG = ltree,
    RIGHTARG = ltree,
    COMMUTATOR = <>,
    NEGATOR = =,
    RESTRICT = neqsel,
    JOIN = neqjoinsel
);


--
-- Name: <>; Type: OPERATOR; Schema: public; Owner: -
--

CREATE OPERATOR <> (
    PROCEDURE = tsvector_ne,
    LEFTARG = tsvector,
    RIGHTARG = tsvector,
    COMMUTATOR = OPERATOR(pg_catalog.<>),
    NEGATOR = OPERATOR(pg_catalog.=),
    RESTRICT = neqsel,
    JOIN = neqjoinsel
);


--
-- Name: <@; Type: OPERATOR; Schema: public; Owner: -
--

CREATE OPERATOR <@ (
    PROCEDURE = ltree_risparent,
    LEFTARG = ltree,
    RIGHTARG = ltree,
    COMMUTATOR = @>,
    RESTRICT = contsel,
    JOIN = contjoinsel
);


--
-- Name: <@; Type: OPERATOR; Schema: public; Owner: -
--

CREATE OPERATOR <@ (
    PROCEDURE = _ltree_r_isparent,
    LEFTARG = ltree,
    RIGHTARG = ltree[],
    COMMUTATOR = @>,
    RESTRICT = contsel,
    JOIN = contjoinsel
);


--
-- Name: <@; Type: OPERATOR; Schema: public; Owner: -
--

CREATE OPERATOR <@ (
    PROCEDURE = _ltree_risparent,
    LEFTARG = ltree[],
    RIGHTARG = ltree,
    COMMUTATOR = @>,
    RESTRICT = contsel,
    JOIN = contjoinsel
);


--
-- Name: =; Type: OPERATOR; Schema: public; Owner: -
--

CREATE OPERATOR = (
    PROCEDURE = ltree_eq,
    LEFTARG = ltree,
    RIGHTARG = ltree,
    COMMUTATOR = =,
    NEGATOR = <>,
    MERGES,
    RESTRICT = eqsel,
    JOIN = eqjoinsel
);


--
-- Name: =; Type: OPERATOR; Schema: public; Owner: -
--

CREATE OPERATOR = (
    PROCEDURE = tsvector_eq,
    LEFTARG = tsvector,
    RIGHTARG = tsvector,
    COMMUTATOR = OPERATOR(pg_catalog.=),
    NEGATOR = <>,
    MERGES,
    RESTRICT = eqsel,
    JOIN = eqjoinsel
);


--
-- Name: >; Type: OPERATOR; Schema: public; Owner: -
--

CREATE OPERATOR > (
    PROCEDURE = ltree_gt,
    LEFTARG = ltree,
    RIGHTARG = ltree,
    COMMUTATOR = <,
    NEGATOR = <=,
    RESTRICT = contsel,
    JOIN = contjoinsel
);


--
-- Name: >; Type: OPERATOR; Schema: public; Owner: -
--

CREATE OPERATOR > (
    PROCEDURE = tsvector_gt,
    LEFTARG = tsvector,
    RIGHTARG = tsvector,
    COMMUTATOR = <,
    NEGATOR = <=,
    RESTRICT = contsel,
    JOIN = contjoinsel
);


--
-- Name: >=; Type: OPERATOR; Schema: public; Owner: -
--

CREATE OPERATOR >= (
    PROCEDURE = ltree_ge,
    LEFTARG = ltree,
    RIGHTARG = ltree,
    COMMUTATOR = <=,
    NEGATOR = <,
    RESTRICT = contsel,
    JOIN = contjoinsel
);


--
-- Name: >=; Type: OPERATOR; Schema: public; Owner: -
--

CREATE OPERATOR >= (
    PROCEDURE = tsvector_ge,
    LEFTARG = tsvector,
    RIGHTARG = tsvector,
    COMMUTATOR = <=,
    NEGATOR = <,
    RESTRICT = contsel,
    JOIN = contjoinsel
);


--
-- Name: ?; Type: OPERATOR; Schema: public; Owner: -
--

CREATE OPERATOR ? (
    PROCEDURE = lt_q_rregex,
    LEFTARG = lquery[],
    RIGHTARG = ltree,
    COMMUTATOR = ?,
    RESTRICT = contsel,
    JOIN = contjoinsel
);


--
-- Name: ?; Type: OPERATOR; Schema: public; Owner: -
--

CREATE OPERATOR ? (
    PROCEDURE = lt_q_regex,
    LEFTARG = ltree,
    RIGHTARG = lquery[],
    COMMUTATOR = ?,
    RESTRICT = contsel,
    JOIN = contjoinsel
);


--
-- Name: ?; Type: OPERATOR; Schema: public; Owner: -
--

CREATE OPERATOR ? (
    PROCEDURE = _lt_q_rregex,
    LEFTARG = lquery[],
    RIGHTARG = ltree[],
    COMMUTATOR = ?,
    RESTRICT = contsel,
    JOIN = contjoinsel
);


--
-- Name: ?; Type: OPERATOR; Schema: public; Owner: -
--

CREATE OPERATOR ? (
    PROCEDURE = _lt_q_regex,
    LEFTARG = ltree[],
    RIGHTARG = lquery[],
    COMMUTATOR = ?,
    RESTRICT = contsel,
    JOIN = contjoinsel
);


--
-- Name: ?<@; Type: OPERATOR; Schema: public; Owner: -
--

CREATE OPERATOR ?<@ (
    PROCEDURE = _ltree_extract_risparent,
    LEFTARG = ltree[],
    RIGHTARG = ltree
);


--
-- Name: ?@; Type: OPERATOR; Schema: public; Owner: -
--

CREATE OPERATOR ?@ (
    PROCEDURE = _ltxtq_extract_exec,
    LEFTARG = ltree[],
    RIGHTARG = ltxtquery
);


--
-- Name: ?@>; Type: OPERATOR; Schema: public; Owner: -
--

CREATE OPERATOR ?@> (
    PROCEDURE = _ltree_extract_isparent,
    LEFTARG = ltree[],
    RIGHTARG = ltree
);


--
-- Name: ?~; Type: OPERATOR; Schema: public; Owner: -
--

CREATE OPERATOR ?~ (
    PROCEDURE = _ltq_extract_regex,
    LEFTARG = ltree[],
    RIGHTARG = lquery
);


--
-- Name: @; Type: OPERATOR; Schema: public; Owner: -
--

CREATE OPERATOR @ (
    PROCEDURE = ltxtq_rexec,
    LEFTARG = ltxtquery,
    RIGHTARG = ltree,
    COMMUTATOR = @,
    RESTRICT = contsel,
    JOIN = contjoinsel
);


--
-- Name: @; Type: OPERATOR; Schema: public; Owner: -
--

CREATE OPERATOR @ (
    PROCEDURE = ltxtq_exec,
    LEFTARG = ltree,
    RIGHTARG = ltxtquery,
    COMMUTATOR = @,
    RESTRICT = contsel,
    JOIN = contjoinsel
);


--
-- Name: @; Type: OPERATOR; Schema: public; Owner: -
--

CREATE OPERATOR @ (
    PROCEDURE = _ltxtq_rexec,
    LEFTARG = ltxtquery,
    RIGHTARG = ltree[],
    COMMUTATOR = @,
    RESTRICT = contsel,
    JOIN = contjoinsel
);


--
-- Name: @; Type: OPERATOR; Schema: public; Owner: -
--

CREATE OPERATOR @ (
    PROCEDURE = _ltxtq_exec,
    LEFTARG = ltree[],
    RIGHTARG = ltxtquery,
    COMMUTATOR = @,
    RESTRICT = contsel,
    JOIN = contjoinsel
);


--
-- Name: @>; Type: OPERATOR; Schema: public; Owner: -
--

CREATE OPERATOR @> (
    PROCEDURE = ltree_isparent,
    LEFTARG = ltree,
    RIGHTARG = ltree,
    COMMUTATOR = <@,
    RESTRICT = contsel,
    JOIN = contjoinsel
);


--
-- Name: @>; Type: OPERATOR; Schema: public; Owner: -
--

CREATE OPERATOR @> (
    PROCEDURE = _ltree_isparent,
    LEFTARG = ltree[],
    RIGHTARG = ltree,
    COMMUTATOR = <@,
    RESTRICT = contsel,
    JOIN = contjoinsel
);


--
-- Name: @>; Type: OPERATOR; Schema: public; Owner: -
--

CREATE OPERATOR @> (
    PROCEDURE = _ltree_r_risparent,
    LEFTARG = ltree,
    RIGHTARG = ltree[],
    COMMUTATOR = <@,
    RESTRICT = contsel,
    JOIN = contjoinsel
);


--
-- Name: ^<@; Type: OPERATOR; Schema: public; Owner: -
--

CREATE OPERATOR ^<@ (
    PROCEDURE = ltree_risparent,
    LEFTARG = ltree,
    RIGHTARG = ltree,
    COMMUTATOR = ^@>,
    RESTRICT = contsel,
    JOIN = contjoinsel
);


--
-- Name: ^<@; Type: OPERATOR; Schema: public; Owner: -
--

CREATE OPERATOR ^<@ (
    PROCEDURE = _ltree_r_isparent,
    LEFTARG = ltree,
    RIGHTARG = ltree[],
    COMMUTATOR = ^@>,
    RESTRICT = contsel,
    JOIN = contjoinsel
);


--
-- Name: ^<@; Type: OPERATOR; Schema: public; Owner: -
--

CREATE OPERATOR ^<@ (
    PROCEDURE = _ltree_risparent,
    LEFTARG = ltree[],
    RIGHTARG = ltree,
    COMMUTATOR = ^@>,
    RESTRICT = contsel,
    JOIN = contjoinsel
);


--
-- Name: ^?; Type: OPERATOR; Schema: public; Owner: -
--

CREATE OPERATOR ^? (
    PROCEDURE = lt_q_rregex,
    LEFTARG = lquery[],
    RIGHTARG = ltree,
    COMMUTATOR = ^?,
    RESTRICT = contsel,
    JOIN = contjoinsel
);


--
-- Name: ^?; Type: OPERATOR; Schema: public; Owner: -
--

CREATE OPERATOR ^? (
    PROCEDURE = lt_q_regex,
    LEFTARG = ltree,
    RIGHTARG = lquery[],
    COMMUTATOR = ^?,
    RESTRICT = contsel,
    JOIN = contjoinsel
);


--
-- Name: ^?; Type: OPERATOR; Schema: public; Owner: -
--

CREATE OPERATOR ^? (
    PROCEDURE = _lt_q_rregex,
    LEFTARG = lquery[],
    RIGHTARG = ltree[],
    COMMUTATOR = ^?,
    RESTRICT = contsel,
    JOIN = contjoinsel
);


--
-- Name: ^?; Type: OPERATOR; Schema: public; Owner: -
--

CREATE OPERATOR ^? (
    PROCEDURE = _lt_q_regex,
    LEFTARG = ltree[],
    RIGHTARG = lquery[],
    COMMUTATOR = ^?,
    RESTRICT = contsel,
    JOIN = contjoinsel
);


--
-- Name: ^@; Type: OPERATOR; Schema: public; Owner: -
--

CREATE OPERATOR ^@ (
    PROCEDURE = ltxtq_rexec,
    LEFTARG = ltxtquery,
    RIGHTARG = ltree,
    COMMUTATOR = ^@,
    RESTRICT = contsel,
    JOIN = contjoinsel
);


--
-- Name: ^@; Type: OPERATOR; Schema: public; Owner: -
--

CREATE OPERATOR ^@ (
    PROCEDURE = ltxtq_exec,
    LEFTARG = ltree,
    RIGHTARG = ltxtquery,
    COMMUTATOR = ^@,
    RESTRICT = contsel,
    JOIN = contjoinsel
);


--
-- Name: ^@; Type: OPERATOR; Schema: public; Owner: -
--

CREATE OPERATOR ^@ (
    PROCEDURE = _ltxtq_rexec,
    LEFTARG = ltxtquery,
    RIGHTARG = ltree[],
    COMMUTATOR = ^@,
    RESTRICT = contsel,
    JOIN = contjoinsel
);


--
-- Name: ^@; Type: OPERATOR; Schema: public; Owner: -
--

CREATE OPERATOR ^@ (
    PROCEDURE = _ltxtq_exec,
    LEFTARG = ltree[],
    RIGHTARG = ltxtquery,
    COMMUTATOR = ^@,
    RESTRICT = contsel,
    JOIN = contjoinsel
);


--
-- Name: ^@>; Type: OPERATOR; Schema: public; Owner: -
--

CREATE OPERATOR ^@> (
    PROCEDURE = ltree_isparent,
    LEFTARG = ltree,
    RIGHTARG = ltree,
    COMMUTATOR = ^<@,
    RESTRICT = contsel,
    JOIN = contjoinsel
);


--
-- Name: ^@>; Type: OPERATOR; Schema: public; Owner: -
--

CREATE OPERATOR ^@> (
    PROCEDURE = _ltree_isparent,
    LEFTARG = ltree[],
    RIGHTARG = ltree,
    COMMUTATOR = ^<@,
    RESTRICT = contsel,
    JOIN = contjoinsel
);


--
-- Name: ^@>; Type: OPERATOR; Schema: public; Owner: -
--

CREATE OPERATOR ^@> (
    PROCEDURE = _ltree_r_risparent,
    LEFTARG = ltree,
    RIGHTARG = ltree[],
    COMMUTATOR = ^<@,
    RESTRICT = contsel,
    JOIN = contjoinsel
);


--
-- Name: ^~; Type: OPERATOR; Schema: public; Owner: -
--

CREATE OPERATOR ^~ (
    PROCEDURE = ltq_rregex,
    LEFTARG = lquery,
    RIGHTARG = ltree,
    COMMUTATOR = ^~,
    RESTRICT = contsel,
    JOIN = contjoinsel
);


--
-- Name: ^~; Type: OPERATOR; Schema: public; Owner: -
--

CREATE OPERATOR ^~ (
    PROCEDURE = ltq_regex,
    LEFTARG = ltree,
    RIGHTARG = lquery,
    COMMUTATOR = ^~,
    RESTRICT = contsel,
    JOIN = contjoinsel
);


--
-- Name: ^~; Type: OPERATOR; Schema: public; Owner: -
--

CREATE OPERATOR ^~ (
    PROCEDURE = _ltq_rregex,
    LEFTARG = lquery,
    RIGHTARG = ltree[],
    COMMUTATOR = ^~,
    RESTRICT = contsel,
    JOIN = contjoinsel
);


--
-- Name: ^~; Type: OPERATOR; Schema: public; Owner: -
--

CREATE OPERATOR ^~ (
    PROCEDURE = _ltq_regex,
    LEFTARG = ltree[],
    RIGHTARG = lquery,
    COMMUTATOR = ^~,
    RESTRICT = contsel,
    JOIN = contjoinsel
);


--
-- Name: ||; Type: OPERATOR; Schema: public; Owner: -
--

CREATE OPERATOR || (
    PROCEDURE = ltree_addltree,
    LEFTARG = ltree,
    RIGHTARG = ltree
);


--
-- Name: ||; Type: OPERATOR; Schema: public; Owner: -
--

CREATE OPERATOR || (
    PROCEDURE = ltree_addtext,
    LEFTARG = ltree,
    RIGHTARG = text
);


--
-- Name: ||; Type: OPERATOR; Schema: public; Owner: -
--

CREATE OPERATOR || (
    PROCEDURE = ltree_textadd,
    LEFTARG = text,
    RIGHTARG = ltree
);


--
-- Name: ~; Type: OPERATOR; Schema: public; Owner: -
--

CREATE OPERATOR ~ (
    PROCEDURE = ltq_rregex,
    LEFTARG = lquery,
    RIGHTARG = ltree,
    COMMUTATOR = ~,
    RESTRICT = contsel,
    JOIN = contjoinsel
);


--
-- Name: ~; Type: OPERATOR; Schema: public; Owner: -
--

CREATE OPERATOR ~ (
    PROCEDURE = ltq_regex,
    LEFTARG = ltree,
    RIGHTARG = lquery,
    COMMUTATOR = ~,
    RESTRICT = contsel,
    JOIN = contjoinsel
);


--
-- Name: ~; Type: OPERATOR; Schema: public; Owner: -
--

CREATE OPERATOR ~ (
    PROCEDURE = _ltq_rregex,
    LEFTARG = lquery,
    RIGHTARG = ltree[],
    COMMUTATOR = ~,
    RESTRICT = contsel,
    JOIN = contjoinsel
);


--
-- Name: ~; Type: OPERATOR; Schema: public; Owner: -
--

CREATE OPERATOR ~ (
    PROCEDURE = _ltq_regex,
    LEFTARG = ltree[],
    RIGHTARG = lquery,
    COMMUTATOR = ~,
    RESTRICT = contsel,
    JOIN = contjoinsel
);


--
-- Name: gist__ltree_ops; Type: OPERATOR CLASS; Schema: public; Owner: -
--

CREATE OPERATOR CLASS gist__ltree_ops
    DEFAULT FOR TYPE ltree[] USING gist AS
    STORAGE ltree_gist ,
    OPERATOR 10 <@(ltree[],ltree) RECHECK ,
    OPERATOR 11 @>(ltree,ltree[]) RECHECK ,
    OPERATOR 12 ~(ltree[],lquery) RECHECK ,
    OPERATOR 13 ~(lquery,ltree[]) RECHECK ,
    OPERATOR 14 @(ltree[],ltxtquery) RECHECK ,
    OPERATOR 15 @(ltxtquery,ltree[]) RECHECK ,
    OPERATOR 16 ?(ltree[],lquery[]) RECHECK ,
    OPERATOR 17 ?(lquery[],ltree[]) RECHECK ,
    FUNCTION 1 _ltree_consistent(internal,internal,smallint) ,
    FUNCTION 2 _ltree_union(internal,internal) ,
    FUNCTION 3 _ltree_compress(internal) ,
    FUNCTION 4 ltree_decompress(internal) ,
    FUNCTION 5 _ltree_penalty(internal,internal,internal) ,
    FUNCTION 6 _ltree_picksplit(internal,internal) ,
    FUNCTION 7 _ltree_same(internal,internal,internal);


--
-- Name: gist_ltree_ops; Type: OPERATOR CLASS; Schema: public; Owner: -
--

CREATE OPERATOR CLASS gist_ltree_ops
    DEFAULT FOR TYPE ltree USING gist AS
    STORAGE ltree_gist ,
    OPERATOR 1 <(ltree,ltree) ,
    OPERATOR 2 <=(ltree,ltree) ,
    OPERATOR 3 =(ltree,ltree) ,
    OPERATOR 4 >=(ltree,ltree) ,
    OPERATOR 5 >(ltree,ltree) ,
    OPERATOR 10 @>(ltree,ltree) ,
    OPERATOR 11 <@(ltree,ltree) ,
    OPERATOR 12 ~(ltree,lquery) ,
    OPERATOR 13 ~(lquery,ltree) ,
    OPERATOR 14 @(ltree,ltxtquery) ,
    OPERATOR 15 @(ltxtquery,ltree) ,
    OPERATOR 16 ?(ltree,lquery[]) ,
    OPERATOR 17 ?(lquery[],ltree) ,
    FUNCTION 1 ltree_consistent(internal,internal,smallint) ,
    FUNCTION 2 ltree_union(internal,internal) ,
    FUNCTION 3 ltree_compress(internal) ,
    FUNCTION 4 ltree_decompress(internal) ,
    FUNCTION 5 ltree_penalty(internal,internal,internal) ,
    FUNCTION 6 ltree_picksplit(internal,internal) ,
    FUNCTION 7 ltree_same(internal,internal,internal);


--
-- Name: ltree_ops; Type: OPERATOR CLASS; Schema: public; Owner: -
--

CREATE OPERATOR CLASS ltree_ops
    DEFAULT FOR TYPE ltree USING btree AS
    OPERATOR 1 <(ltree,ltree) ,
    OPERATOR 2 <=(ltree,ltree) ,
    OPERATOR 3 =(ltree,ltree) ,
    OPERATOR 4 >=(ltree,ltree) ,
    OPERATOR 5 >(ltree,ltree) ,
    FUNCTION 1 ltree_cmp(ltree,ltree);


SET default_tablespace = '';

SET default_with_oids = false;

--
-- Name: authors; Type: TABLE; Schema: public; Owner: -; Tablespace: 
--

CREATE TABLE authors (
    auid integer NOT NULL,
    name text NOT NULL
);


--
-- Name: authors_auid_seq; Type: SEQUENCE; Schema: public; Owner: -
--

CREATE SEQUENCE authors_auid_seq
    INCREMENT BY 1
    NO MAXVALUE
    NO MINVALUE
    CACHE 1;


--
-- Name: authors_auid_seq; Type: SEQUENCE OWNED BY; Schema: public; Owner: -
--

ALTER SEQUENCE authors_auid_seq OWNED BY authors.auid;


--
-- Name: authors_auid_seq; Type: SEQUENCE SET; Schema: public; Owner: -
--

SELECT pg_catalog.setval('authors_auid_seq', 4, true);


--
-- Name: books; Type: TABLE; Schema: public; Owner: -; Tablespace: 
--

CREATE TABLE books (
    boid integer NOT NULL,
    author integer NOT NULL,
    name text NOT NULL,
    path text NOT NULL
);


--
-- Name: books_boid_seq; Type: SEQUENCE; Schema: public; Owner: -
--

CREATE SEQUENCE books_boid_seq
    INCREMENT BY 1
    NO MAXVALUE
    NO MINVALUE
    CACHE 1;


--
-- Name: books_boid_seq; Type: SEQUENCE OWNED BY; Schema: public; Owner: -
--

ALTER SEQUENCE books_boid_seq OWNED BY books.boid;


--
-- Name: books_boid_seq; Type: SEQUENCE SET; Schema: public; Owner: -
--

SELECT pg_catalog.setval('books_boid_seq', 8, true);


SET default_with_oids = true;

--
-- Name: pg_ts_cfg; Type: TABLE; Schema: public; Owner: -; Tablespace: 
--

CREATE TABLE pg_ts_cfg (
    ts_name text NOT NULL,
    prs_name text NOT NULL,
    locale text
);


--
-- Name: pg_ts_cfgmap; Type: TABLE; Schema: public; Owner: -; Tablespace: 
--

CREATE TABLE pg_ts_cfgmap (
    ts_name text NOT NULL,
    tok_alias text NOT NULL,
    dict_name text[]
);


--
-- Name: pg_ts_dict; Type: TABLE; Schema: public; Owner: -; Tablespace: 
--

CREATE TABLE pg_ts_dict (
    dict_name text NOT NULL,
    dict_init regprocedure,
    dict_initoption text,
    dict_lexize regprocedure NOT NULL,
    dict_comment text
);


--
-- Name: pg_ts_parser; Type: TABLE; Schema: public; Owner: -; Tablespace: 
--

CREATE TABLE pg_ts_parser (
    prs_name text NOT NULL,
    prs_start regprocedure NOT NULL,
    prs_nexttoken regprocedure NOT NULL,
    prs_end regprocedure NOT NULL,
    prs_headline regprocedure NOT NULL,
    prs_lextype regprocedure NOT NULL,
    prs_comment text
);


--
-- Name: auid; Type: DEFAULT; Schema: public; Owner: -
--

ALTER TABLE authors ALTER COLUMN auid SET DEFAULT nextval('authors_auid_seq'::regclass);


--
-- Name: boid; Type: DEFAULT; Schema: public; Owner: -
--

ALTER TABLE books ALTER COLUMN boid SET DEFAULT nextval('books_boid_seq'::regclass);


--
-- Data for Name: authors; Type: TABLE DATA; Schema: public; Owner: -
--

INSERT INTO authors VALUES (1, 'Isak Azimov');
INSERT INTO authors VALUES (2, 'Pavel Vejinov');
INSERT INTO authors VALUES (3, '3');
INSERT INTO authors VALUES (4, 'Blaga Dimitrova');


--
-- Data for Name: books; Type: TABLE DATA; Schema: public; Owner: -
--

INSERT INTO books VALUES (1, 1, 'End of spirit', '/home/fattila/_projects/zz_work/transfermate/data/book1/index.xml');
INSERT INTO books VALUES (2, 2, 'Book 1', '/home/fattila/_projects/zz_work/transfermate/data/book2/book1/index.xml');
INSERT INTO books VALUES (3, 2, 'Book 2', '/home/fattila/_projects/zz_work/transfermate/data/book2/book2book1/index.xml');
INSERT INTO books VALUES (4, 3, 'Standard', '/home/fattila/_projects/zz_work/transfermate/data/book2/index.xml');
INSERT INTO books VALUES (5, 4, 'Book Book 1', '/home/fattila/_projects/zz_work/transfermate/data/book3/book4/index.xml');
INSERT INTO books VALUES (6, 1, ' ', '/home/fattila/_projects/zz_work/transfermate/data/book4/cyrilic/index.xml');
INSERT INTO books VALUES (7, 3, '', '/home/fattila/_projects/zz_work/transfermate/data/book4/japanese/index.xml');
INSERT INTO books VALUES (8, 2, ' 1', '/home/fattila/_projects/zz_work/transfermate/data/book4/korean/index.xml');


--
-- Data for Name: pg_ts_cfg; Type: TABLE DATA; Schema: public; Owner: -
--

INSERT INTO pg_ts_cfg VALUES ('default', 'default', 'C');
INSERT INTO pg_ts_cfg VALUES ('default_russian', 'default', 'ru_RU.KOI8-R');
INSERT INTO pg_ts_cfg VALUES ('simple', 'default', NULL);


--
-- Data for Name: pg_ts_cfgmap; Type: TABLE DATA; Schema: public; Owner: -
--

INSERT INTO pg_ts_cfgmap VALUES ('default', 'lword', '{en_stem}');
INSERT INTO pg_ts_cfgmap VALUES ('default', 'nlword', '{simple}');
INSERT INTO pg_ts_cfgmap VALUES ('default', 'word', '{simple}');
INSERT INTO pg_ts_cfgmap VALUES ('default', 'email', '{simple}');
INSERT INTO pg_ts_cfgmap VALUES ('default', 'url', '{simple}');
INSERT INTO pg_ts_cfgmap VALUES ('default', 'host', '{simple}');
INSERT INTO pg_ts_cfgmap VALUES ('default', 'sfloat', '{simple}');
INSERT INTO pg_ts_cfgmap VALUES ('default', 'version', '{simple}');
INSERT INTO pg_ts_cfgmap VALUES ('default', 'part_hword', '{simple}');
INSERT INTO pg_ts_cfgmap VALUES ('default', 'nlpart_hword', '{simple}');
INSERT INTO pg_ts_cfgmap VALUES ('default', 'lpart_hword', '{en_stem}');
INSERT INTO pg_ts_cfgmap VALUES ('default', 'hword', '{simple}');
INSERT INTO pg_ts_cfgmap VALUES ('default', 'lhword', '{en_stem}');
INSERT INTO pg_ts_cfgmap VALUES ('default', 'nlhword', '{simple}');
INSERT INTO pg_ts_cfgmap VALUES ('default', 'uri', '{simple}');
INSERT INTO pg_ts_cfgmap VALUES ('default', 'file', '{simple}');
INSERT INTO pg_ts_cfgmap VALUES ('default', 'float', '{simple}');
INSERT INTO pg_ts_cfgmap VALUES ('default', 'int', '{simple}');
INSERT INTO pg_ts_cfgmap VALUES ('default', 'uint', '{simple}');
INSERT INTO pg_ts_cfgmap VALUES ('default_russian', 'lword', '{en_stem}');
INSERT INTO pg_ts_cfgmap VALUES ('default_russian', 'nlword', '{ru_stem}');
INSERT INTO pg_ts_cfgmap VALUES ('default_russian', 'word', '{ru_stem}');
INSERT INTO pg_ts_cfgmap VALUES ('default_russian', 'email', '{simple}');
INSERT INTO pg_ts_cfgmap VALUES ('default_russian', 'url', '{simple}');
INSERT INTO pg_ts_cfgmap VALUES ('default_russian', 'host', '{simple}');
INSERT INTO pg_ts_cfgmap VALUES ('default_russian', 'sfloat', '{simple}');
INSERT INTO pg_ts_cfgmap VALUES ('default_russian', 'version', '{simple}');
INSERT INTO pg_ts_cfgmap VALUES ('default_russian', 'part_hword', '{simple}');
INSERT INTO pg_ts_cfgmap VALUES ('default_russian', 'nlpart_hword', '{ru_stem}');
INSERT INTO pg_ts_cfgmap VALUES ('default_russian', 'lpart_hword', '{en_stem}');
INSERT INTO pg_ts_cfgmap VALUES ('default_russian', 'hword', '{ru_stem}');
INSERT INTO pg_ts_cfgmap VALUES ('default_russian', 'lhword', '{en_stem}');
INSERT INTO pg_ts_cfgmap VALUES ('default_russian', 'nlhword', '{ru_stem}');
INSERT INTO pg_ts_cfgmap VALUES ('default_russian', 'uri', '{simple}');
INSERT INTO pg_ts_cfgmap VALUES ('default_russian', 'file', '{simple}');
INSERT INTO pg_ts_cfgmap VALUES ('default_russian', 'float', '{simple}');
INSERT INTO pg_ts_cfgmap VALUES ('default_russian', 'int', '{simple}');
INSERT INTO pg_ts_cfgmap VALUES ('default_russian', 'uint', '{simple}');
INSERT INTO pg_ts_cfgmap VALUES ('simple', 'lword', '{simple}');
INSERT INTO pg_ts_cfgmap VALUES ('simple', 'nlword', '{simple}');
INSERT INTO pg_ts_cfgmap VALUES ('simple', 'word', '{simple}');
INSERT INTO pg_ts_cfgmap VALUES ('simple', 'email', '{simple}');
INSERT INTO pg_ts_cfgmap VALUES ('simple', 'url', '{simple}');
INSERT INTO pg_ts_cfgmap VALUES ('simple', 'host', '{simple}');
INSERT INTO pg_ts_cfgmap VALUES ('simple', 'sfloat', '{simple}');
INSERT INTO pg_ts_cfgmap VALUES ('simple', 'version', '{simple}');
INSERT INTO pg_ts_cfgmap VALUES ('simple', 'part_hword', '{simple}');
INSERT INTO pg_ts_cfgmap VALUES ('simple', 'nlpart_hword', '{simple}');
INSERT INTO pg_ts_cfgmap VALUES ('simple', 'lpart_hword', '{simple}');
INSERT INTO pg_ts_cfgmap VALUES ('simple', 'hword', '{simple}');
INSERT INTO pg_ts_cfgmap VALUES ('simple', 'lhword', '{simple}');
INSERT INTO pg_ts_cfgmap VALUES ('simple', 'nlhword', '{simple}');
INSERT INTO pg_ts_cfgmap VALUES ('simple', 'uri', '{simple}');
INSERT INTO pg_ts_cfgmap VALUES ('simple', 'file', '{simple}');
INSERT INTO pg_ts_cfgmap VALUES ('simple', 'float', '{simple}');
INSERT INTO pg_ts_cfgmap VALUES ('simple', 'int', '{simple}');
INSERT INTO pg_ts_cfgmap VALUES ('simple', 'uint', '{simple}');


--
-- Data for Name: pg_ts_dict; Type: TABLE DATA; Schema: public; Owner: -
--



--
-- Data for Name: pg_ts_parser; Type: TABLE DATA; Schema: public; Owner: -
--



--
-- Name: authors_name_key; Type: CONSTRAINT; Schema: public; Owner: -; Tablespace: 
--

ALTER TABLE ONLY authors
    ADD CONSTRAINT authors_name_key UNIQUE (name);


--
-- Name: authors_pkey; Type: CONSTRAINT; Schema: public; Owner: -; Tablespace: 
--

ALTER TABLE ONLY authors
    ADD CONSTRAINT authors_pkey PRIMARY KEY (auid);


--
-- Name: books_path_key; Type: CONSTRAINT; Schema: public; Owner: -; Tablespace: 
--

ALTER TABLE ONLY books
    ADD CONSTRAINT books_path_key UNIQUE (path);


--
-- Name: books_pkey; Type: CONSTRAINT; Schema: public; Owner: -; Tablespace: 
--

ALTER TABLE ONLY books
    ADD CONSTRAINT books_pkey PRIMARY KEY (boid);


--
-- Name: pg_ts_cfg_pkey; Type: CONSTRAINT; Schema: public; Owner: -; Tablespace: 
--

ALTER TABLE ONLY pg_ts_cfg
    ADD CONSTRAINT pg_ts_cfg_pkey PRIMARY KEY (ts_name);


--
-- Name: pg_ts_cfgmap_pkey; Type: CONSTRAINT; Schema: public; Owner: -; Tablespace: 
--

ALTER TABLE ONLY pg_ts_cfgmap
    ADD CONSTRAINT pg_ts_cfgmap_pkey PRIMARY KEY (ts_name, tok_alias);


--
-- Name: pg_ts_dict_pkey; Type: CONSTRAINT; Schema: public; Owner: -; Tablespace: 
--

ALTER TABLE ONLY pg_ts_dict
    ADD CONSTRAINT pg_ts_dict_pkey PRIMARY KEY (dict_name);


--
-- Name: pg_ts_parser_pkey; Type: CONSTRAINT; Schema: public; Owner: -; Tablespace: 
--

ALTER TABLE ONLY pg_ts_parser
    ADD CONSTRAINT pg_ts_parser_pkey PRIMARY KEY (prs_name);


--
-- Name: books_author_fkey; Type: FK CONSTRAINT; Schema: public; Owner: -
--

ALTER TABLE ONLY books
    ADD CONSTRAINT books_author_fkey FOREIGN KEY (author) REFERENCES authors(auid) ON DELETE CASCADE;


--
-- Name: public; Type: ACL; Schema: -; Owner: -
--

REVOKE ALL ON SCHEMA public FROM PUBLIC;
REVOKE ALL ON SCHEMA public FROM postgres;
GRANT ALL ON SCHEMA public TO postgres;
GRANT USAGE ON SCHEMA public TO webmonitor;
GRANT ALL ON SCHEMA public TO gsa;


--
-- Name: dblink_connect_u(text); Type: ACL; Schema: public; Owner: -
--

REVOKE ALL ON FUNCTION dblink_connect_u(text) FROM PUBLIC;
REVOKE ALL ON FUNCTION dblink_connect_u(text) FROM pesysadmin;
GRANT ALL ON FUNCTION dblink_connect_u(text) TO pesysadmin;


--
-- Name: dblink_connect_u(text, text); Type: ACL; Schema: public; Owner: -
--

REVOKE ALL ON FUNCTION dblink_connect_u(text, text) FROM PUBLIC;
REVOKE ALL ON FUNCTION dblink_connect_u(text, text) FROM pesysadmin;
GRANT ALL ON FUNCTION dblink_connect_u(text, text) TO pesysadmin;


--
-- PostgreSQL database dump complete
--

